meter_id,X2018_7_1_1h,X2018_7_1_2h,X2018_7_1_3h,X2018_7_1_4h,X2018_7_1_5h,X2018_7_1_6h,X2018_7_1_7h,X2018_7_1_8h,X2018_7_1_9h,X2018_7_1_10h,X2018_7_1_11h,X2018_7_1_12h,X2018_7_1_13h,X2018_7_1_14h,X2018_7_1_15h,X2018_7_1_16h,X2018_7_1_17h,X2018_7_1_18h,X2018_7_1_19h,X2018_7_1_20h,X2018_7_1_21h,X2018_7_1_22h,X2018_7_1_23h,X2018_7_1_24h,X2018_7_1_d,X2018_7_2_d,X2018_7_3_d,X2018_7_4_d,X2018_7_5_d,X2018_7_6_d,X2018_7_7_d,X2018_7_8_d,X2018_7_9_d,X2018_7_10_d,X2018_7_m,X2018_8_m,X2018_9_m,X2018_10_m,X2018_11_m
X5,6.542865,6.542865,6.5462976,6.51365,6.5102153,6.5417404,6.4446754,6.3379326,6.3379326,6.570073,6.558327,6.5641994,6.5524592,6.558327,6.575944,6.5935583,6.5935583,6.5935583,6.5876875,6.575944,6.5641994,6.558327,6.558327,6.5524592,0.0,0.0,0.0,0.0,0.0,0.0,0.0,0.0,0.0,0.0,0.0,0.0,0.0,0.0,0.0
X7,1.5347363,1.5347363,1.5472845,1.5564113,1.543862,1.4548855,1.3885524,1.3921467,1.3921467,1.3575455,1.3467546,1.3521504,1.3413578,1.3467546,1.3629427,1.3791313,1.3791313,1.3791313,1.3737352,1.3629427,1.3521504,1.3467546,1.3467546,1.3413578,0.0,0.0,0.0,0.0,0.0,0.0,0.0,0.0,0.0,0.0,0.0,0.0,0.0,0.0,0.0
X10,3.583891,3.583891,3.6237125,3.6597915,3.619969,3.3454142,3.1949234,3.1998901,3.1998901,3.090684,3.061317,3.0760012,3.0466323,3.061317,3.1053672,3.1494207,3.1494207,3.1494207,3.1347356,3.1053672,3.0760012,3.061317,3.061317,3.0466323,0.0,0.0,0.0,0.0,0.0,0.0,0.0,0.0,0.0,0.0,0.0,0.0,0.0,0.0,0.0
X16,4.071335,4.071335,4.0998197,4.1266513,4.0905786,3.959573,3.856516,3.8230171,3.8230171,3.8153882,3.7908752,3.8031313,3.7786195,3.7908752,3.8276432,3.8644118,3.8644118,3.8644118,3.8521533,3.8276432,3.8031313,3.7908752,3.7908752,3.7786195,0.0,0.0,0.0,0.0,0.0,0.0,0.0,0.0,0.0,0.0,0.0,0.0,0.0,0.0,0.0
X18,2.7853868,2.7853868,2.7859643,2.7707355,2.7701557,2.8258164,2.842495,2.7578652,2.7578652,2.959616,2.9600155,2.9598236,2.9602115,2.9600155,2.959421,2.9588263,2.9588263,2.9588263,2.959025,2.959421,2.9598236,2.9600155,2.9600155,2.9602115,0.0,0.0,0.0,0.0,0.0,0.0,0.0,0.0,0.0,0.0,0.0,0.0,0.0,0.0,0.0
X20,0.2657949,0.2657949,0.26918712,0.2720658,0.26867452,0.2415215,0.21584047,0.22455372,0.22455372,0.18650879,0.18144812,0.18397726,0.17891802,0.18144812,0.18903936,0.19663109,0.19663109,0.19663109,0.19410099,0.18903936,0.18397726,0.18144812,0.18144812,0.17891802,0.0,0.0,0.0,0.0,0.0,0.0,0.0,0.0,0.0,0.0,0.0,0.0,0.0,0.0,0.0
X26,1.4614084,1.4614084,1.4679217,1.4689261,1.4624126,1.4307095,1.4398217,1.3996633,1.3996633,1.5057379,1.5070494,1.5063931,1.5088418,1.5070494,1.5050774,1.5031096,1.5031096,1.5031096,1.503763,1.5050774,1.5063931,1.5070494,1.5070494,1.5088418,0.0,0.0,0.0,0.0,0.0,0.0,0.0,0.0,0.0,0.0,0.0,0.0,0.0,0.0,0.0
X30,4.2351108,4.2351108,4.3392134,4.4647336,4.3606353,3.5477502,3.3512917,3.375325,3.375325,3.1868515,3.1506357,3.1686642,3.1326063,3.1506357,3.2057645,3.2625034,3.2625034,3.2625034,3.2435915,3.2057645,3.1686642,3.1506357,3.1506357,3.1326063,0.0,0.0,0.0,0.0,0.0,0.0,0.0,0.0,0.0,0.0,0.0,0.0,0.0,0.0,0.0
X31,0.54999197,0.54999197,0.5547842,0.5586513,0.55386007,0.53410184,0.5402664,0.5237621,0.5237621,0.56279504,0.56294763,0.56287134,0.563022,0.56294763,0.5627264,0.5625032,0.5625032,0.5625032,0.5625776,0.5627264,0.56287134,0.56294763,0.56294763,0.563022,0.0,0.0,0.0,0.0,0.0,0.0,0.0,0.0,0.0,0.0,0.0,0.0,0.0,0.0,0.0
X32,0.22814752,0.22814752,0.23853971,0.25302795,0.24263908,0.1585641,0.15176488,0.15252544,0.15252544,0.14848281,0.14783908,0.14816238,0.14751579,0.14783908,0.14880802,0.14977552,0.14977552,0.14977552,0.14945461,0.14880802,0.14816238,0.14783908,0.14783908,0.14751579,0.0,0.0,0.0,0.0,0.0,0.0,0.0,0.0,0.0,0.0,0.0,0.0,0.0,0.0,0.0
X35,0.021620253,0.021620253,0.01974986,0.017199019,0.01906989,0.024506548,0.010908583,0.020484665,0.020484665,-0.009957334,-0.012272378,-0.011114379,-0.013426086,-0.012272378,-0.0088007655,-0.005332967,-0.005332967,-0.005332967,-0.0064912043,-0.0088007655,-0.011114379,-0.012272378,-0.012272378,-0.013426086,0.0,0.0,0.0,0.0,0.0,0.0,0.0,0.0,0.0,0.0,0.0,0.0,0.0,0.0,0.0
X37,0.25688204,0.25688204,0.25688204,0.25688204,0.25688204,0.25688204,0.25688204,0.25688204,0.25688204,0.25688204,0.25688204,0.25688204,0.25688204,0.25688204,0.25688204,0.25688204,0.25688204,0.25688204,0.25688204,0.25688204,0.25688204,0.25688204,0.25688204,0.25688204,0.0,0.0,0.0,0.0,0.0,0.0,0.0,0.0,0.0,0.0,0.0,0.0,0.0,0.0,0.0
X41,2.2108443,2.2108443,2.2049637,2.1831362,2.1890185,2.2704992,2.2556074,2.2083185,2.2083185,2.3423288,2.3432908,2.3428109,2.343776,2.3432908,2.3418467,2.3404033,2.3404033,2.3404033,2.340884,2.3418467,2.3428109,2.3432908,2.3432908,2.343776,0.0,0.0,0.0,0.0,0.0,0.0,0.0,0.0,0.0,0.0,0.0,0.0,0.0,0.0,0.0
X42,0.39547506,0.39547506,0.40122518,0.40692633,0.40117544,0.35812095,0.32916275,0.33771074,0.33771074,0.2974577,0.29165643,0.29455668,0.288756,0.29165643,0.30035883,0.30906078,0.30906078,0.30906078,0.30615968,0.30035883,0.29455668,0.29165643,0.29165643,0.288756,0.0,0.0,0.0,0.0,0.0,0.0,0.0,0.0,0.0,0.0,0.0,0.0,0.0,0.0,0.0
X43,0.6118803,0.6118803,0.62924755,0.651381,0.6340121,0.4966873,0.44950828,0.4652088,0.4652088,0.42820275,0.42361107,0.42590803,0.42131588,0.42361107,0.4304971,0.43738502,0.43738502,0.43738502,0.43508893,0.4304971,0.42590803,0.42361107,0.42361107,0.42131588,0.0,0.0,0.0,0.0,0.0,0.0,0.0,0.0,0.0,0.0,0.0,0.0,0.0,0.0,0.0
X44,1.9991002,1.9991002,2.046592,2.1043127,2.0571566,1.7050054,1.5503154,1.6092124,1.6092124,1.393687,1.3673236,1.3805048,1.35414,1.3673236,1.4068711,1.446418,1.446418,1.446418,1.4332373,1.4068711,1.3805048,1.3673236,1.3673236,1.35414,0.0,0.0,0.0,0.0,0.0,0.0,0.0,0.0,0.0,0.0,0.0,0.0,0.0,0.0,0.0
X47,0.23669638,0.23669638,0.23766436,0.23775305,0.23678412,0.23084463,0.22247948,0.22261108,0.22261108,0.21644224,0.21582617,0.21613373,0.21551956,0.21582617,0.21675934,0.21953167,0.21953167,0.21953167,0.21860565,0.21675934,0.21613373,0.21582617,0.21582617,0.21551956,0.0,0.0,0.0,0.0,0.0,0.0,0.0,0.0,0.0,0.0,0.0,0.0,0.0,0.0,0.0
X50,4.8467875,4.8467875,4.89456,4.934205,4.886432,4.5403156,4.26893,4.3283997,4.3283997,3.993979,3.9380767,3.966025,3.9101262,3.9380767,4.0219293,4.105784,4.105784,4.105784,4.077833,4.0219293,3.966025,3.9380767,3.9380767,3.9101262,0.0,0.0,0.0,0.0,0.0,0.0,0.0,0.0,0.0,0.0,0.0,0.0,0.0,0.0,0.0
X51,15.681993,15.681993,15.690863,15.610147,15.601275,15.695334,15.471612,15.215194,15.215194,15.75017,15.70923,15.729697,15.68876,15.70923,15.770641,15.832056,15.832056,15.832056,15.811582,15.770641,15.729697,15.70923,15.70923,15.68876,0.0,0.0,0.0,0.0,0.0,0.0,0.0,0.0,0.0,0.0,0.0,0.0,0.0,0.0,0.0
X55,11.548598,11.548598,11.773805,12.034214,11.809007,10.067138,9.098557,9.472503,9.472503,8.439221,8.3155,8.37736,8.253637,8.3155,8.501081,8.686662,8.686662,8.686662,8.624803,8.501081,8.37736,8.3155,8.3155,8.253637,0.0,0.0,0.0,0.0,0.0,0.0,0.0,0.0,0.0,0.0,0.0,0.0,0.0,0.0,0.0
X59,1.9694775,1.9694775,2.0502524,2.1572304,2.0764527,1.43096,1.1316389,1.2922662,1.2922662,0.7691099,0.7230496,0.7460832,0.70002,0.7230496,0.7921416,0.8612334,0.8612334,0.8612334,0.8382017,0.7921416,0.7460832,0.7230496,0.7230496,0.70002,0.0,0.0,0.0,0.0,0.0,0.0,0.0,0.0,0.0,0.0,0.0,0.0,0.0,0.0,0.0
X61,2.4816754,2.4816754,2.5365794,2.602418,2.547514,2.1193485,1.9435978,1.9944093,1.9944093,1.9060318,1.8919029,1.8989651,1.8848357,1.8919029,1.9130921,1.9342885,1.9342885,1.9342885,1.9272215,1.9130921,1.8989651,1.8919029,1.8919029,1.8848357,0.0,0.0,0.0,0.0,0.0,0.0,0.0,0.0,0.0,0.0,0.0,0.0,0.0,0.0,0.0
X62,0.32535303,0.32535303,0.33824193,0.35489976,0.34201372,0.24788225,0.24388921,0.23921144,0.23921144,0.28446424,0.29656446,0.29076898,0.2938894,0.29656446,0.27816617,0.26276815,0.26276815,0.26276815,0.26619375,0.27816617,0.29076898,0.29656446,0.29656446,0.2938894,0.0,0.0,0.0,0.0,0.0,0.0,0.0,0.0,0.0,0.0,0.0,0.0,0.0,0.0,0.0
X67,0.95480454,0.95480454,0.98545897,1.0310351,1.0003804,0.8142539,0.8250462,0.82251465,0.82251465,0.837685,0.84033287,0.8390082,0.84165585,0.84033287,0.836362,0.8323926,0.8323926,0.8323926,0.83371484,0.836362,0.8390082,0.84033287,0.84033287,0.84165585,0.0,0.0,0.0,0.0,0.0,0.0,0.0,0.0,0.0,0.0,0.0,0.0,0.0,0.0,0.0
X68,4.798861,4.798861,4.962191,5.1750226,5.018794,4.0133524,3.7777731,3.8686302,3.8686302,3.9433713,3.9600828,3.9517267,3.968436,3.9600828,3.9350166,3.9099524,3.9099524,3.9099524,3.9183066,3.9350166,3.9517267,3.9600828,3.9600828,3.968436,0.0,0.0,0.0,0.0,0.0,0.0,0.0,0.0,0.0,0.0,0.0,0.0,0.0,0.0,0.0
X70,0.44105384,0.44105384,0.47321936,0.55005336,0.49845973,0.28364894,0.23388728,0.27269933,0.27269933,0.15349749,0.14531448,0.14940575,0.14122275,0.14531448,0.15758923,0.16986391,0.16986391,0.16986391,0.16577235,0.15758923,0.14940575,0.14531448,0.14531448,0.14122275,0.0,0.0,0.0,0.0,0.0,0.0,0.0,0.0,0.0,0.0,0.0,0.0,0.0,0.0,0.0
X73,0.28177497,0.28177497,0.28559706,0.28961095,0.28578743,0.26972553,0.26551005,0.26203582,0.26203582,0.26596388,0.26477072,0.265367,0.26417348,0.26477072,0.2665598,0.268352,0.268352,0.268352,0.26775524,0.2665598,0.265367,0.26477072,0.26477072,0.26417348,0.0,0.0,0.0,0.0,0.0,0.0,0.0,0.0,0.0,0.0,0.0,0.0,0.0,0.0,0.0
X75,1.4242855,1.4242855,1.4503865,1.4867555,1.4606566,1.258036,1.179525,1.2267116,1.2267116,1.067782,1.0549303,1.0613388,1.0567682,1.0549303,1.0747577,1.095684,1.095684,1.095684,1.0887094,1.0747577,1.0613388,1.0549303,1.0549303,1.0567682,0.0,0.0,0.0,0.0,0.0,0.0,0.0,0.0,0.0,0.0,0.0,0.0,0.0,0.0,0.0
X76,0.9880819,0.9880819,0.99141085,0.9923542,0.9890254,0.9676373,0.94396365,0.94313204,0.94313204,0.95657367,0.9559498,0.95626223,0.95572114,0.9559498,0.9568862,0.9578212,0.9578212,0.9578212,0.95750976,0.9568862,0.95626223,0.9559498,0.9559498,0.95572114,0.0,0.0,0.0,0.0,0.0,0.0,0.0,0.0,0.0,0.0,0.0,0.0,0.0,0.0,0.0
X80,7.214731,7.214731,7.3625507,7.541873,7.394053,6.238155,5.625068,5.8940496,5.8940496,5.1867366,5.136411,5.159251,5.123287,5.136411,5.222102,5.329973,5.329973,5.329973,5.294016,5.222102,5.159251,5.136411,5.136411,5.123287,0.0,0.0,0.0,0.0,0.0,0.0,0.0,0.0,0.0,0.0,0.0,0.0,0.0,0.0,0.0
X82,0.84390086,0.84390086,0.87177163,0.9131188,0.8852498,0.6559991,0.5759149,0.63256377,0.63256377,0.5605437,0.5607489,0.5606455,0.56084996,0.5607489,0.5604412,0.5601365,0.5601365,0.5601365,0.5602384,0.5604412,0.5606455,0.5607489,0.5607489,0.56084996,0.0,0.0,0.0,0.0,0.0,0.0,0.0,0.0,0.0,0.0,0.0,0.0,0.0,0.0,0.0
X87,2.368514,2.368514,2.4764278,2.6296842,2.5217695,1.7841035,1.730185,1.7228078,1.7228078,1.8458616,1.8625958,1.8542289,1.8709621,1.8625958,1.8374947,1.8123935,1.8123935,1.8123935,1.82076,1.8374947,1.8542289,1.8625958,1.8625958,1.8709621,0.0,0.0,0.0,0.0,0.0,0.0,0.0,0.0,0.0,0.0,0.0,0.0,0.0,0.0,0.0
X88,0.42203698,0.42203698,0.43199295,0.4509498,0.4403556,0.36785096,0.3597607,0.38053572,0.38053572,0.3565584,0.36023206,0.35839534,0.36206937,0.36023206,0.35472152,0.34921175,0.34921175,0.34921175,0.3510484,0.35472152,0.35839534,0.36023206,0.36023206,0.36206937,0.0,0.0,0.0,0.0,0.0,0.0,0.0,0.0,0.0,0.0,0.0,0.0,0.0,0.0,0.0
X91,0.59837615,0.59837615,0.59860206,0.6097795,0.605445,0.6005634,0.63277256,0.6391909,0.6391909,0.6509292,0.6585612,0.654745,0.6623777,0.6585612,0.64711225,0.63566244,0.63566244,0.63566244,0.6394795,0.64711225,0.654745,0.6585612,0.6585612,0.6623777,0.0,0.0,0.0,0.0,0.0,0.0,0.0,0.0,0.0,0.0,0.0,0.0,0.0,0.0,0.0
X94,0.41430867,0.41430867,0.42084944,0.42887688,0.42233598,0.3739159,0.35167778,0.360798,0.360798,0.39861155,0.40169823,0.40015483,0.40324032,0.40169823,0.3969549,0.3859712,0.3859712,0.3859712,0.38963008,0.3969549,0.40015483,0.40169823,0.40169823,0.40324032,0.0,0.0,0.0,0.0,0.0,0.0,0.0,0.0,0.0,0.0,0.0,0.0,0.0,0.0,0.0
X102,1.0677376,1.0677376,1.1069661,1.1626651,1.1234367,1.047548,1.1062768,1.0613517,1.0613517,1.2057123,1.2164497,1.2110808,1.2218194,1.2164497,1.2003428,1.1842356,1.1842356,1.1842356,1.1896045,1.2003428,1.2110808,1.2164497,1.2164497,1.2218194,0.0,0.0,0.0,0.0,0.0,0.0,0.0,0.0,0.0,0.0,0.0,0.0,0.0,0.0,0.0
X105,0.47415435,0.47415435,0.48626006,0.5111395,0.4990312,0.38907278,0.37962258,0.41693795,0.41693795,0.34964383,0.3550917,0.35236752,0.35781443,0.3550917,0.3469206,0.3387462,0.3387462,0.3387462,0.3414713,0.3469206,0.35236752,0.3550917,0.3550917,0.35781443,0.0,0.0,0.0,0.0,0.0,0.0,0.0,0.0,0.0,0.0,0.0,0.0,0.0,0.0,0.0
X106,0.6711711,0.6711711,0.68681616,0.70937747,0.6937322,0.671488,0.70542186,0.6854705,0.6854705,0.79816645,0.7966959,0.7974319,0.795958,0.7966959,0.79890126,0.79262346,0.79262346,0.79262346,0.80023926,0.79890126,0.7974319,0.7966959,0.7966959,0.795958,0.0,0.0,0.0,0.0,0.0,0.0,0.0,0.0,0.0,0.0,0.0,0.0,0.0,0.0,0.0
X107,0.28500357,0.28500357,0.2862486,0.28924385,0.2879986,0.28548852,0.30117336,0.29627267,0.29627267,0.3186349,0.3217577,0.32019606,0.32331863,0.3217577,0.31707397,0.31239,0.31239,0.31239,0.3139514,0.31707397,0.32019606,0.3217577,0.3217577,0.32331863,0.0,0.0,0.0,0.0,0.0,0.0,0.0,0.0,0.0,0.0,0.0,0.0,0.0,0.0,0.0
X110,0.40832746,0.40832746,0.41348565,0.4234022,0.41567457,0.45093358,0.4681841,0.45001805,0.45001805,0.50041115,0.50254667,0.50148,0.5036143,0.50254667,0.49934447,0.49613583,0.49613583,0.49613583,0.4972099,0.49934447,0.50148,0.50254667,0.50254667,0.5036143,0.0,0.0,0.0,0.0,0.0,0.0,0.0,0.0,0.0,0.0,0.0,0.0,0.0,0.0,0.0
X111,0.55161345,0.55161345,0.5646559,0.58103776,0.56799495,0.4651667,0.41330847,0.43788075,0.43788075,0.38590312,0.3864267,0.38616538,0.3866899,0.3864267,0.38564062,0.3848555,0.3848555,0.3848555,0.3851161,0.38564062,0.38616538,0.3864267,0.3864267,0.3866899,0.0,0.0,0.0,0.0,0.0,0.0,0.0,0.0,0.0,0.0,0.0,0.0,0.0,0.0,0.0
X116,0.764516,0.764516,0.7900543,0.8398205,0.80774844,0.73319817,0.7764902,0.7619698,0.7619698,0.8319349,0.84135175,0.83664346,0.84606004,0.84135175,0.82722664,0.81310177,0.81310177,0.81310177,0.81781006,0.82722664,0.83664346,0.84135175,0.84135175,0.84606004,0.0,0.0,0.0,0.0,0.0,0.0,0.0,0.0,0.0,0.0,0.0,0.0,0.0,0.0,0.0
X120,0.93924403,0.93924403,0.9898733,1.0681232,1.0167955,0.68859446,0.6531154,0.69202673,0.69202673,0.59440684,0.5918002,0.59310424,0.5904975,0.5918002,0.59571207,0.59962106,0.59962106,0.59962106,0.5983186,0.59571207,0.59310424,0.5918002,0.5918002,0.5904975,0.0,0.0,0.0,0.0,0.0,0.0,0.0,0.0,0.0,0.0,0.0,0.0,0.0,0.0,0.0
X123,0.89988434,0.89988434,0.931205,0.97326607,0.94194496,0.73840874,0.7293739,0.7213028,0.7213028,0.8010785,0.81410575,0.8074189,0.8208077,0.81410575,0.7947593,0.77763313,0.77763313,0.77763313,0.78323436,0.7947593,0.8074189,0.81410575,0.81410575,0.8208077,0.0,0.0,0.0,0.0,0.0,0.0,0.0,0.0,0.0,0.0,0.0,0.0,0.0,0.0,0.0
X124,1.4718918,1.4718918,1.5138153,1.5705842,1.5286626,1.2355689,1.1443104,1.1891564,1.1891564,1.057978,1.0458025,1.0518903,1.0397147,1.0458025,1.0640653,1.0823272,1.0823272,1.0823272,1.0762395,1.0640653,1.0518903,1.0458025,1.0458025,1.0397147,0.0,0.0,0.0,0.0,0.0,0.0,0.0,0.0,0.0,0.0,0.0,0.0,0.0,0.0,0.0
X125,0.57223296,0.57223296,0.58981913,0.61757344,0.5999866,0.53492767,0.5750025,0.55662674,0.55662674,0.63572735,0.6464274,0.6410774,0.6517785,0.6464274,0.63037753,0.6143272,0.6143272,0.6143272,0.6196775,0.63037753,0.6410774,0.6464274,0.6464274,0.6517785,0.0,0.0,0.0,0.0,0.0,0.0,0.0,0.0,0.0,0.0,0.0,0.0,0.0,0.0,0.0
X126,0.6711259,0.6711259,0.6743388,0.6767099,0.6734979,0.6506674,0.6312411,0.6347983,0.6347983,0.6339581,0.63325024,0.63360333,0.63289595,0.63325024,0.6343119,0.6353736,0.6353736,0.6353736,0.6350198,0.6343119,0.63360333,0.63325024,0.63325024,0.63289595,0.0,0.0,0.0,0.0,0.0,0.0,0.0,0.0,0.0,0.0,0.0,0.0,0.0,0.0,0.0
X130,0.19351235,0.19351235,0.20157972,0.20317188,0.2035555,0.17842832,0.18507996,0.19042554,0.19042554,0.18450704,0.18638292,0.18544737,0.18731752,0.18638292,0.18357125,0.18076101,0.18076101,0.18076101,0.18169776,0.18357125,0.18544737,0.18638292,0.18638292,0.18731752,0.0,0.0,0.0,0.0,0.0,0.0,0.0,0.0,0.0,0.0,0.0,0.0,0.0,0.0,0.0
X132,0.36262804,0.36262804,0.36580962,0.36999768,0.3668148,0.34143513,0.32954496,0.3358273,0.3358273,0.31354827,0.31137198,0.3124587,0.31028312,0.31137198,0.31463593,0.3179013,0.3179013,0.3179013,0.31681293,0.31463593,0.3124587,0.31137198,0.31137198,0.31028312,0.0,0.0,0.0,0.0,0.0,0.0,0.0,0.0,0.0,0.0,0.0,0.0,0.0,0.0,0.0
X133,0.23629013,0.23629013,0.24353296,0.2540728,0.24682614,0.18737265,0.17691436,0.18485457,0.18485457,0.16900873,0.1691609,0.16908523,0.16923842,0.1691609,0.16893399,0.16870427,0.16870427,0.16870427,0.16878173,0.16893399,0.16908523,0.1691609,0.1691609,0.16923842,0.0,0.0,0.0,0.0,0.0,0.0,0.0,0.0,0.0,0.0,0.0,0.0,0.0,0.0,0.0
X134,0.41729194,0.41729194,0.416513,0.41373324,0.41451296,0.42335692,0.41925123,0.4150845,0.4150845,0.4205374,0.41931632,0.41992712,0.418705,0.41931632,0.42114812,0.42297968,0.42297968,0.42297968,0.42236948,0.42114812,0.41992712,0.41931632,0.41931632,0.418705,0.0,0.0,0.0,0.0,0.0,0.0,0.0,0.0,0.0,0.0,0.0,0.0,0.0,0.0,0.0
X139,0.24132454,0.24132454,0.2430526,0.24591756,0.24439251,0.22763324,0.2238543,0.2279656,0.2279656,0.21740508,0.21713078,0.21726763,0.21699119,0.21713078,0.2175442,0.2179569,0.2179569,0.2179569,0.21781838,0.2175442,0.21726763,0.21713078,0.21713078,0.21699119,0.0,0.0,0.0,0.0,0.0,0.0,0.0,0.0,0.0,0.0,0.0,0.0,0.0,0.0,0.0
X140,0.49239245,0.49239245,0.49668756,0.5058981,0.49715772,0.46423522,0.4446346,0.45178238,0.45178238,0.44855753,0.44941536,0.44898644,0.44984332,0.44941536,0.44813004,0.4468433,0.4468433,0.4468433,0.44727173,0.44813004,0.44898644,0.44941536,0.44941536,0.44984332,0.0,0.0,0.0,0.0,0.0,0.0,0.0,0.0,0.0,0.0,0.0,0.0,0.0,0.0,0.0
X142,0.36154592,0.36154592,0.36587888,0.37204784,0.3677137,0.35040224,0.3447594,0.34768552,0.34768552,0.33722967,0.33619356,0.3367126,0.33567524,0.33619356,0.33774906,0.33930433,0.33930433,0.33930433,0.33878618,0.33774906,0.3367126,0.33619356,0.33619356,0.33567524,0.0,0.0,0.0,0.0,0.0,0.0,0.0,0.0,0.0,0.0,0.0,0.0,0.0,0.0,0.0
X143,0.2594055,0.2594055,0.2602017,0.2610175,0.26022226,0.25422418,0.25032663,0.25155193,0.25155193,0.2459812,0.2452039,0.2455927,0.24493943,0.2452039,0.24636833,0.2475292,0.2475292,0.2475292,0.24714373,0.24636833,0.2455927,0.2452039,0.2452039,0.24493943,0.0,0.0,0.0,0.0,0.0,0.0,0.0,0.0,0.0,0.0,0.0,0.0,0.0,0.0,0.0
X148,0.47939396,0.47939396,0.47969198,0.47865748,0.4783616,0.47812796,0.4700687,0.46977186,0.46977186,0.4650793,0.4649794,0.46502972,0.4649303,0.4649794,0.46512914,0.46527815,0.46527815,0.46527815,0.4652288,0.46512914,0.46502972,0.4649794,0.4649794,0.4649303,0.0,0.0,0.0,0.0,0.0,0.0,0.0,0.0,0.0,0.0,0.0,0.0,0.0,0.0,0.0
X149,0.3446108,0.3446108,0.34932482,0.35192382,0.35075796,0.31589258,0.3126396,0.31216276,0.31216276,0.31062114,0.30986273,0.31024253,0.30948365,0.30986273,0.31100023,0.31213748,0.31213748,0.31213748,0.31175792,0.31100023,0.31024253,0.30986273,0.30986273,0.30948365,0.0,0.0,0.0,0.0,0.0,0.0,0.0,0.0,0.0,0.0,0.0,0.0,0.0,0.0,0.0
X155,0.3713195,0.3713195,0.3676996,0.3510563,0.36133644,0.3851485,0.38522956,0.37870285,0.37870285,0.3923001,0.39183375,0.39206812,0.39160272,0.39183375,0.3925335,0.39323136,0.39323136,0.39323136,0.3929989,0.3925335,0.39206812,0.39183375,0.39183375,0.39160272,0.0,0.0,0.0,0.0,0.0,0.0,0.0,0.0,0.0,0.0,0.0,0.0,0.0,0.0,0.0
X157,0.25440875,0.25440875,0.26004627,0.26782927,0.2619093,0.2523897,0.25143403,0.24827553,0.24827553,0.25408396,0.25363746,0.25386074,0.25341454,0.25363746,0.254307,0.25497654,0.25497654,0.25497654,0.25475344,0.254307,0.25386074,0.25363746,0.25363746,0.25341454,0.0,0.0,0.0,0.0,0.0,0.0,0.0,0.0,0.0,0.0,0.0,0.0,0.0,0.0,0.0
X158,0.4302695,0.4302695,0.4295756,0.4274303,0.42812636,0.42354944,0.42482522,0.4196408,0.4196408,0.43138674,0.4312859,0.43133655,0.4312351,0.4312859,0.4314362,0.43158796,0.43158796,0.43158796,0.4315361,0.4314362,0.43133655,0.4312859,0.4312859,0.4312351,0.0,0.0,0.0,0.0,0.0,0.0,0.0,0.0,0.0,0.0,0.0,0.0,0.0,0.0,0.0
X160,0.2617495,0.2617495,0.26148522,0.2615971,0.26186264,0.26328027,0.26611084,0.26627856,0.26627856,0.26673198,0.2673937,0.2670625,0.26772505,0.2673937,0.26639897,0.26586515,0.26586515,0.26586515,0.26573896,0.26639897,0.2670625,0.2673937,0.2673937,0.26772505,0.0,0.0,0.0,0.0,0.0,0.0,0.0,0.0,0.0,0.0,0.0,0.0,0.0,0.0,0.0
X161,0.4934109,0.4934109,0.49563068,0.4990378,0.49620396,0.4787156,0.4697277,0.4738484,0.4738484,0.45830852,0.45661515,0.45746177,0.4557702,0.45661515,0.45915407,0.46169382,0.46169382,0.46169382,0.46084684,0.45915407,0.45746177,0.45661515,0.45661515,0.4557702,0.0,0.0,0.0,0.0,0.0,0.0,0.0,0.0,0.0,0.0,0.0,0.0,0.0,0.0,0.0
X163,0.29576668,0.29576668,0.29411206,0.2913526,0.2930058,0.3050376,0.3074697,0.30430135,0.30430135,0.31276426,0.313068,0.31291637,0.31322178,0.313068,0.31261048,0.31215152,0.31215152,0.31215152,0.31230387,0.31261048,0.31291637,0.313068,0.313068,0.31322178,0.0,0.0,0.0,0.0,0.0,0.0,0.0,0.0,0.0,0.0,0.0,0.0,0.0,0.0,0.0
X165,0.29830298,0.29830298,0.296879,0.2942946,0.2957205,0.3081411,0.31062615,0.3067517,0.3067517,0.30289295,0.29895598,0.3009239,0.2988119,0.29895598,0.30485982,0.31076384,0.31076384,0.31076384,0.3087973,0.30485982,0.3009239,0.29895598,0.29895598,0.2988119,0.0,0.0,0.0,0.0,0.0,0.0,0.0,0.0,0.0,0.0,0.0,0.0,0.0,0.0,0.0
X166,0.5118978,0.5118978,0.51554984,0.5214216,0.5177703,0.4860863,0.4739645,0.48460585,0.48460585,0.4540103,0.45266098,0.4533353,0.45198697,0.45266098,0.4546848,0.45691866,0.45691866,0.45691866,0.45603234,0.4546848,0.4533353,0.45266098,0.45266098,0.45198697,0.0,0.0,0.0,0.0,0.0,0.0,0.0,0.0,0.0,0.0,0.0,0.0,0.0,0.0,0.0
X172,0.16598514,0.16598514,0.16490212,0.16277805,0.16386202,0.17354897,0.17480353,0.1716179,0.1716179,0.17920354,0.17924586,0.1792244,0.1792672,0.17924586,0.17917994,0.17911497,0.17911497,0.17911497,0.17913774,0.17917994,0.1792244,0.17924586,0.17924586,0.1792672,0.0,0.0,0.0,0.0,0.0,0.0,0.0,0.0,0.0,0.0,0.0,0.0,0.0,0.0,0.0
X175,0.21773846,0.21773846,0.22404043,0.2340824,0.22778179,0.1786817,0.1881232,0.18695617,0.18695617,0.17468715,0.17458896,0.17463858,0.1745429,0.17458896,0.17473277,0.17487617,0.17487617,0.17487617,0.17482713,0.17473277,0.17463858,0.17458896,0.17458896,0.1745429,0.0,0.0,0.0,0.0,0.0,0.0,0.0,0.0,0.0,0.0,0.0,0.0,0.0,0.0,0.0
X176,0.27397636,0.27397636,0.27802894,0.2837266,0.27967274,0.24678981,0.23192209,0.24163464,0.24163464,0.20519057,0.20893118,0.20530611,0.21255577,0.20893118,0.20681614,0.21168607,0.21168607,0.21168607,0.21006173,0.20681614,0.20530611,0.20893118,0.20893118,0.21255577,0.0,0.0,0.0,0.0,0.0,0.0,0.0,0.0,0.0,0.0,0.0,0.0,0.0,0.0,0.0
X177,0.29424646,0.29424646,0.29383975,0.29186687,0.29227358,0.29809877,0.2942371,0.29101917,0.29101917,0.30043033,0.3004866,0.30044317,0.30053005,0.3004866,0.30050722,0.30073795,0.30073795,0.30073795,0.300661,0.30050722,0.30044317,0.3004866,0.3004866,0.30053005,0.0,0.0,0.0,0.0,0.0,0.0,0.0,0.0,0.0,0.0,0.0,0.0,0.0,0.0,0.0
X178,0.43668076,0.43668076,0.43965837,0.44401583,0.44000193,0.3972796,0.37120792,0.38551137,0.38551137,0.3204176,0.313719,0.31706712,0.31073877,0.313719,0.3237662,0.33381698,0.33381698,0.33381698,0.33046553,0.3237662,0.31706712,0.313719,0.313719,0.31073877,0.0,0.0,0.0,0.0,0.0,0.0,0.0,0.0,0.0,0.0,0.0,0.0,0.0,0.0,0.0
X183,0.2536984,0.2536984,0.25433832,0.24650772,0.25355774,0.2499481,0.24688394,0.24376066,0.24376066,0.25104243,0.25111347,0.25107676,0.25114924,0.25111347,0.25100428,0.2508927,0.2508927,0.2508927,0.25093037,0.25100428,0.25107676,0.25111347,0.25111347,0.25114924,0.0,0.0,0.0,0.0,0.0,0.0,0.0,0.0,0.0,0.0,0.0,0.0,0.0,0.0,0.0
X186,0.32103097,0.32103097,0.32153314,0.32056713,0.32006496,0.3191467,0.3113085,0.30948788,0.30948788,0.30819148,0.3073318,0.3077616,0.30690187,0.3073318,0.3086794,0.310921,0.310921,0.310921,0.30998266,0.3086794,0.3077616,0.3073318,0.3073318,0.30690187,0.0,0.0,0.0,0.0,0.0,0.0,0.0,0.0,0.0,0.0,0.0,0.0,0.0,0.0,0.0
X187,0.27463743,0.27463743,0.27786687,0.2821925,0.27896294,0.2530972,0.24133335,0.2478234,0.2478234,0.22545837,0.2260155,0.22556601,0.22646438,0.2260155,0.22645108,0.22948293,0.22948293,0.22948293,0.22843818,0.22645108,0.22556601,0.2260155,0.2260155,0.22646438,0.0,0.0,0.0,0.0,0.0,0.0,0.0,0.0,0.0,0.0,0.0,0.0,0.0,0.0,0.0
X192,0.1915253,0.1915253,0.18814273,0.18361886,0.18700118,0.19762142,0.18596299,0.19547065,0.19547065,0.19576772,0.19847043,0.19711633,0.19982369,0.19847043,0.1944129,0.1908489,0.1908489,0.1908489,0.19170888,0.1944129,0.19711633,0.19847043,0.19847043,0.19982369,0.0,0.0,0.0,0.0,0.0,0.0,0.0,0.0,0.0,0.0,0.0,0.0,0.0,0.0,0.0
X194,0.18485804,0.18485804,0.18401864,0.18290535,0.18374446,0.17832017,0.17969368,0.17938615,0.17938615,0.18109159,0.181374,0.18123269,0.18151568,0.181374,0.18095039,0.18052642,0.18052642,0.18052642,0.1806682,0.18095039,0.18123269,0.181374,0.181374,0.18151568,0.0,0.0,0.0,0.0,0.0,0.0,0.0,0.0,0.0,0.0,0.0,0.0,0.0,0.0,0.0
X195,0.3539641,0.3539641,0.35256162,0.3503376,0.35174054,0.34942034,0.34916198,0.3486073,0.3486073,0.3491151,0.34889212,0.34900418,0.34878188,0.34889212,0.34922522,0.34955782,0.34955782,0.34955782,0.34944642,0.34922522,0.34900418,0.34889212,0.34889212,0.34878188,0.0,0.0,0.0,0.0,0.0,0.0,0.0,0.0,0.0,0.0,0.0,0.0,0.0,0.0,0.0
X196,0.3836451,0.3836451,0.38941517,0.39743426,0.3916655,0.34502175,0.3039774,0.33161405,0.33161405,0.23985663,0.23202816,0.23594144,0.22844973,0.23202816,0.24377015,0.25551453,0.25551453,0.25551453,0.2516003,0.24377015,0.23594144,0.23202816,0.23202816,0.22844973,0.0,0.0,0.0,0.0,0.0,0.0,0.0,0.0,0.0,0.0,0.0,0.0,0.0,0.0,0.0
X200,0.31345,0.31345,0.31460968,0.31523004,0.31406906,0.3061804,0.2982191,0.29914525,0.29914525,0.29102734,0.2902589,0.2901787,0.29042938,0.2902589,0.29187778,0.2944285,0.2944285,0.2944285,0.2935777,0.29187778,0.2901787,0.2902589,0.2902589,0.29042938,0.0,0.0,0.0,0.0,0.0,0.0,0.0,0.0,0.0,0.0,0.0,0.0,0.0,0.0,0.0
X201,0.28886655,0.28886655,0.2897704,0.2909675,0.2900646,0.28734615,0.2926295,0.28869155,0.28869155,0.30096963,0.30185202,0.30140975,0.30229166,0.30185202,0.3005288,0.2992039,0.2992039,0.2992039,0.29964498,0.3005288,0.30140975,0.30185202,0.30185202,0.30229166,0.0,0.0,0.0,0.0,0.0,0.0,0.0,0.0,0.0,0.0,0.0,0.0,0.0,0.0,0.0
X205,0.38682443,0.38682443,0.388624,0.39117128,0.3893736,0.37561065,0.37161523,0.3742779,0.3742779,0.36564523,0.36495525,0.3653,0.36461002,0.36495525,0.3659914,0.36702853,0.36702853,0.36702853,0.36668235,0.3659914,0.3653,0.36495525,0.36495525,0.36461002,0.0,0.0,0.0,0.0,0.0,0.0,0.0,0.0,0.0,0.0,0.0,0.0,0.0,0.0,0.0
X206,0.20854157,0.20854157,0.20970792,0.21197838,0.21081263,0.2004109,0.20237345,0.20240551,0.20240551,0.19103879,0.18993396,0.19048554,0.18938166,0.18993396,0.19159168,0.19324857,0.19324857,0.19324857,0.19269735,0.19159168,0.19048554,0.18993396,0.18993396,0.18938166,0.0,0.0,0.0,0.0,0.0,0.0,0.0,0.0,0.0,0.0,0.0,0.0,0.0,0.0,0.0
X211,0.33908775,0.33908775,0.3405359,0.34106258,0.3396149,0.33030966,0.3205805,0.3205817,0.3205817,0.32921198,0.3299246,0.32957914,0.3302696,0.3299246,0.32879618,0.32754377,0.32754377,0.32754377,0.32796124,0.32879618,0.32957914,0.3299246,0.3299246,0.3302696,0.0,0.0,0.0,0.0,0.0,0.0,0.0,0.0,0.0,0.0,0.0,0.0,0.0,0.0,0.0
X213,0.30312476,0.30312476,0.3025418,0.3007727,0.30135572,0.30750734,0.30638206,0.30313665,0.30313665,0.30915552,0.3087116,0.30893356,0.30848962,0.3087116,0.3093775,0.31004333,0.31004333,0.31004333,0.3098214,0.3093775,0.30893356,0.3087116,0.3087116,0.30848962,0.0,0.0,0.0,0.0,0.0,0.0,0.0,0.0,0.0,0.0,0.0,0.0,0.0,0.0,0.0
X214,0.43546265,0.43546265,0.4368518,0.43853384,0.43714464,0.4268939,0.4221449,0.4237641,0.4237641,0.4201944,0.4202777,0.42023623,0.42031944,0.4202777,0.42015266,0.42053562,0.42053562,0.42053562,0.42031437,0.42015266,0.42023623,0.4202777,0.4202777,0.42031944,0.0,0.0,0.0,0.0,0.0,0.0,0.0,0.0,0.0,0.0,0.0,0.0,0.0,0.0,0.0
X215,0.7031963,0.7031963,0.7024729,0.6986158,0.6993387,0.7094505,0.70052123,0.69473577,0.69473577,0.6997893,0.6973741,0.69858146,0.69616914,0.6973741,0.7009938,0.7046149,0.7046149,0.7046149,0.7034075,0.7009938,0.69858146,0.6973741,0.6973741,0.69616914,0.0,0.0,0.0,0.0,0.0,0.0,0.0,0.0,0.0,0.0,0.0,0.0,0.0,0.0,0.0
X216,0.20069012,0.20069012,0.20365268,0.20763713,0.20467392,0.18091765,0.17018542,0.17616391,0.17616391,0.18011108,0.1814126,0.18076196,0.18206576,0.1814126,0.1794591,0.1775052,0.1775052,0.1775052,0.17815802,0.1794591,0.18076196,0.1814126,0.1814126,0.18206576,0.0,0.0,0.0,0.0,0.0,0.0,0.0,0.0,0.0,0.0,0.0,0.0,0.0,0.0,0.0
X217,0.13091427,0.13091427,0.12707704,0.12385022,0.12668902,0.1560548,0.17369717,0.16735971,0.16735971,0.19422734,0.19767702,0.19595212,0.19940221,0.19767702,0.19250125,0.18732727,0.18732727,0.18732727,0.1890499,0.19250125,0.19595212,0.19767702,0.19767702,0.19940221,0.0,0.0,0.0,0.0,0.0,0.0,0.0,0.0,0.0,0.0,0.0,0.0,0.0,0.0,0.0
X218,0.36864027,0.36864027,0.3743678,0.38005587,0.37549874,0.3372309,0.32903954,0.33100674,0.33100674,0.321871,0.32037565,0.32112357,0.31962726,0.32037565,0.32261822,0.32486245,0.32486245,0.32486245,0.32411405,0.32261822,0.32112357,0.32037565,0.32037565,0.31962726,0.0,0.0,0.0,0.0,0.0,0.0,0.0,0.0,0.0,0.0,0.0,0.0,0.0,0.0,0.0
X219,0.10904384,0.10904384,0.10904384,0.10904384,0.10904384,0.10904384,0.10904384,0.10904384,0.10904384,0.10904384,0.10904384,0.10904384,0.10904384,0.10904384,0.10904384,0.10904384,0.10904384,0.10904384,0.10904384,0.10904384,0.10904384,0.10904384,0.10904384,0.10904384,0.0,0.0,0.0,0.0,0.0,0.0,0.0,0.0,0.0,0.0,0.0,0.0,0.0,0.0,0.0
X223,0.31879058,0.31879058,0.31544113,0.3140135,0.31443587,0.36680707,0.345011,0.35467547,0.35467547,0.32500362,0.32313132,0.3240646,0.3222023,0.32313132,0.3259331,0.32872915,0.32872915,0.32872915,0.3277973,0.3259331,0.3240646,0.32313132,0.32313132,0.3222023,0.0,0.0,0.0,0.0,0.0,0.0,0.0,0.0,0.0,0.0,0.0,0.0,0.0,0.0,0.0
X225,0.53840226,0.53840226,0.5413021,0.54393566,0.5410351,0.5196917,0.50773406,0.50867367,0.50867367,0.4982791,0.4959334,0.4971081,0.4947617,0.4959334,0.49944866,0.5029657,0.5029657,0.5029657,0.5017921,0.49944866,0.4971081,0.4959334,0.4959334,0.4947617,0.0,0.0,0.0,0.0,0.0,0.0,0.0,0.0,0.0,0.0,0.0,0.0,0.0,0.0,0.0
X228,0.39608568,0.39608568,0.39935535,0.40460294,0.40054888,0.3794207,0.37269276,0.3740999,0.3740999,0.37270755,0.37226397,0.3724863,0.37204272,0.37226397,0.37292916,0.37359375,0.37359375,0.37359375,0.37337285,0.37292916,0.3724863,0.37226397,0.37226397,0.37204272,0.0,0.0,0.0,0.0,0.0,0.0,0.0,0.0,0.0,0.0,0.0,0.0,0.0,0.0,0.0
X229,0.3719705,0.3719705,0.37794176,0.38567457,0.37970367,0.33228263,0.3125008,0.32232192,0.32232192,0.28890148,0.28781876,0.28835908,0.2872782,0.28781876,0.2894415,0.29391107,0.29391107,0.29391107,0.29207942,0.2894415,0.28835908,0.28781876,0.28781876,0.2872782,0.0,0.0,0.0,0.0,0.0,0.0,0.0,0.0,0.0,0.0,0.0,0.0,0.0,0.0,0.0
X230,0.40845287,0.40845287,0.4108975,0.41425765,0.41181242,0.39209747,0.3879726,0.38875616,0.38875616,0.38564336,0.38527644,0.38545966,0.38509214,0.38527644,0.38582575,0.38637412,0.38637412,0.38637412,0.38619232,0.38582575,0.38545966,0.38527644,0.38527644,0.38509214,0.0,0.0,0.0,0.0,0.0,0.0,0.0,0.0,0.0,0.0,0.0,0.0,0.0,0.0,0.0
X231,0.16725166,0.16725166,0.16720875,0.16967876,0.16724761,0.16750856,0.16788872,0.16788657,0.16788657,0.16818519,0.1682678,0.16822584,0.16831084,0.1682678,0.16814442,0.1680177,0.1680177,0.1680177,0.16806181,0.16814442,0.16822584,0.1682678,0.1682678,0.16831084,0.0,0.0,0.0,0.0,0.0,0.0,0.0,0.0,0.0,0.0,0.0,0.0,0.0,0.0,0.0
X232,0.4722654,0.4722654,0.4675764,0.4741818,0.46865383,0.50444233,0.509611,0.5023111,0.5023111,0.517969,0.51780665,0.51788723,0.51772845,0.51780665,0.51804626,0.5182904,0.5182904,0.5182904,0.51821053,0.51804626,0.51788723,0.51780665,0.51780665,0.51772845,0.0,0.0,0.0,0.0,0.0,0.0,0.0,0.0,0.0,0.0,0.0,0.0,0.0,0.0,0.0
X233,0.3351333,0.3351333,0.3340547,0.33277822,0.33385587,0.34223866,0.3468337,0.3449211,0.3449211,0.34799814,0.34805965,0.3480296,0.3480916,0.34805965,0.34796572,0.34787416,0.34787416,0.34787416,0.3479066,0.34796572,0.3480296,0.34805965,0.34805965,0.3480916,0.0,0.0,0.0,0.0,0.0,0.0,0.0,0.0,0.0,0.0,0.0,0.0,0.0,0.0,0.0
X235,0.24518885,0.24518885,0.2494597,0.2542195,0.24994744,0.22361316,0.2170998,0.21645926,0.21645926,0.21271794,0.21122494,0.21197228,0.21047664,0.21122494,0.21346803,0.21570872,0.21570872,0.21570872,0.21496378,0.21346803,0.21197228,0.21122494,0.21122494,0.21047664,0.0,0.0,0.0,0.0,0.0,0.0,0.0,0.0,0.0,0.0,0.0,0.0,0.0,0.0,0.0
X241,0.3218143,0.3218143,0.32195973,0.3222335,0.32208908,0.32080716,0.32571483,0.3221857,0.3221857,0.33098084,0.3315763,0.33127773,0.33187377,0.3315763,0.3306837,0.32979035,0.32979035,0.32979035,0.3300879,0.3306837,0.33127773,0.3315763,0.3315763,0.33187377,0.0,0.0,0.0,0.0,0.0,0.0,0.0,0.0,0.0,0.0,0.0,0.0,0.0,0.0,0.0
X242,0.24158171,0.24158171,0.24405754,0.24753746,0.24506009,0.22498202,0.21660978,0.22182825,0.22182825,0.20748162,0.20714962,0.20731485,0.20698375,0.20714962,0.20764667,0.20814419,0.20814419,0.20814419,0.20797917,0.20764667,0.20731485,0.20714962,0.20714962,0.20698375,0.0,0.0,0.0,0.0,0.0,0.0,0.0,0.0,0.0,0.0,0.0,0.0,0.0,0.0,0.0
X243,0.17900106,0.17900106,0.18128243,0.18606964,0.18378875,0.17262557,0.17911538,0.18086496,0.18086496,0.18449578,0.18661699,0.18555626,0.18767747,0.18661699,0.18343583,0.18025354,0.18025354,0.18025354,0.18131515,0.18343583,0.18555626,0.18661699,0.18661699,0.18767747,0.0,0.0,0.0,0.0,0.0,0.0,0.0,0.0,0.0,0.0,0.0,0.0,0.0,0.0,0.0
X245,0.22236747,0.22236747,0.2219301,0.22117464,0.22161151,0.2253682,0.22628058,0.2251471,0.2251471,0.22820798,0.2284473,0.2284124,0.22840346,0.2284473,0.22814772,0.22797051,0.22797051,0.22797051,0.22802906,0.22814772,0.2284124,0.2284473,0.2284473,0.22840346,0.0,0.0,0.0,0.0,0.0,0.0,0.0,0.0,0.0,0.0,0.0,0.0,0.0,0.0,0.0
X247,0.32007062,0.32007062,0.32291412,0.32666695,0.3238235,0.30933762,0.3137176,0.31007496,0.31007496,0.32103652,0.3217404,0.32138819,0.32246855,0.3217404,0.32068473,0.3196297,0.3196297,0.3196297,0.31998128,0.32068473,0.32138819,0.3217404,0.3217404,0.32246855,0.0,0.0,0.0,0.0,0.0,0.0,0.0,0.0,0.0,0.0,0.0,0.0,0.0,0.0,0.0
X248,0.3457382,0.3457382,0.3469732,0.3479803,0.3467491,0.3773401,0.39047697,0.3779581,0.3779581,0.3913143,0.3900526,0.39068392,0.3894184,0.3900526,0.3919485,0.3938463,0.3938463,0.3938463,0.3932102,0.3919485,0.39068392,0.3900526,0.3900526,0.3894184,0.0,0.0,0.0,0.0,0.0,0.0,0.0,0.0,0.0,0.0,0.0,0.0,0.0,0.0,0.0
X250,0.58777785,0.58777785,0.59112096,0.5952587,0.59191537,0.5656502,0.5521219,0.55833006,0.55833006,0.5547726,0.55577064,0.55527186,0.5562732,0.55577064,0.55427146,0.5527723,0.5527723,0.5527723,0.5532725,0.55427146,0.55527186,0.55577064,0.55577064,0.5562732,0.0,0.0,0.0,0.0,0.0,0.0,0.0,0.0,0.0,0.0,0.0,0.0,0.0,0.0,0.0
X252,0.5525044,0.5525044,0.5551957,0.5587455,0.55605423,0.5345837,0.5274464,0.5307442,0.5307442,0.5353888,0.53448427,0.5349361,0.5340346,0.53448427,0.53583705,0.5371922,0.5371922,0.5371922,0.53673995,0.53583705,0.5349361,0.53448427,0.53448427,0.5340346,0.0,0.0,0.0,0.0,0.0,0.0,0.0,0.0,0.0,0.0,0.0,0.0,0.0,0.0,0.0
X253,0.22250791,0.22250791,0.22296424,0.22236009,0.22281595,0.2190599,0.22706409,0.22329326,0.22329326,0.2327375,0.2347774,0.2341928,0.23511215,0.2347774,0.23128219,0.22753043,0.22753043,0.22753043,0.22837158,0.23128219,0.2341928,0.2347774,0.2347774,0.23511215,0.0,0.0,0.0,0.0,0.0,0.0,0.0,0.0,0.0,0.0,0.0,0.0,0.0,0.0,0.0
X254,0.3460567,0.3460567,0.34414384,0.34080198,0.34271446,0.35398367,0.35362634,0.3515018,0.3515018,0.35563228,0.35539535,0.35551414,0.3552769,0.35539535,0.35575083,0.35610488,0.35610488,0.35610488,0.35598698,0.35575083,0.35551414,0.35539535,0.35539535,0.3552769,0.0,0.0,0.0,0.0,0.0,0.0,0.0,0.0,0.0,0.0,0.0,0.0,0.0,0.0,0.0
X255,0.2989538,0.2989538,0.29795292,0.29620698,0.29720643,0.3039246,0.30215362,0.3020914,0.3020914,0.29425195,0.29279593,0.2935262,0.2920697,0.29279593,0.29497817,0.2971616,0.2971616,0.2971616,0.29643443,0.29497817,0.2935262,0.29279593,0.29279593,0.2920697,0.0,0.0,0.0,0.0,0.0,0.0,0.0,0.0,0.0,0.0,0.0,0.0,0.0,0.0,0.0
X260,0.18191524,0.18191524,0.18359561,0.1861188,0.18443866,0.17057128,0.17203255,0.17122479,0.17122479,0.19027276,0.1930203,0.19164653,0.19439478,0.1930203,0.18889804,0.18477364,0.18477364,0.18477364,0.18614788,0.18889804,0.19164653,0.1930203,0.1930203,0.19439478,0.0,0.0,0.0,0.0,0.0,0.0,0.0,0.0,0.0,0.0,0.0,0.0,0.0,0.0,0.0
X262,0.37459013,0.37459013,0.37495515,0.37384942,0.37348303,0.3848501,0.38541612,0.37809476,0.37809476,0.3937172,0.3932986,0.39350823,0.39309356,0.3932986,0.39392564,0.39455047,0.39455047,0.39455047,0.39434132,0.39392564,0.39350823,0.3932986,0.3932986,0.39309356,0.0,0.0,0.0,0.0,0.0,0.0,0.0,0.0,0.0,0.0,0.0,0.0,0.0,0.0,0.0
X263,0.16155851,0.16155851,0.16992253,0.18231323,0.17395142,0.122885026,0.12485356,0.12521765,0.12521765,0.119275786,0.11872179,0.11899806,0.1184456,0.11872179,0.11955241,0.12038206,0.12038206,0.12038206,0.12010629,0.11955241,0.11899806,0.11872179,0.11872179,0.1184456,0.0,0.0,0.0,0.0,0.0,0.0,0.0,0.0,0.0,0.0,0.0,0.0,0.0,0.0,0.0
X266,0.34531325,0.34531325,0.34676045,0.34811288,0.34666568,0.33595508,0.3294713,0.33037335,0.33037335,0.32423753,0.32303888,0.32363826,0.32244033,0.32303888,0.32483715,0.32663387,0.32663387,0.32663387,0.32603556,0.32483715,0.32363826,0.32303888,0.32303888,0.32244033,0.0,0.0,0.0,0.0,0.0,0.0,0.0,0.0,0.0,0.0,0.0,0.0,0.0,0.0,0.0
X269,0.33699542,0.33699542,0.3370276,0.3359881,0.335957,0.34001166,0.34084886,0.3358345,0.3358345,0.3468867,0.3467021,0.34679353,0.34660858,0.3467021,0.34697986,0.34725755,0.34725755,0.34725755,0.34716415,0.34697986,0.34679353,0.3467021,0.3467021,0.34660858,0.0,0.0,0.0,0.0,0.0,0.0,0.0,0.0,0.0,0.0,0.0,0.0,0.0,0.0,0.0
X270,0.36179754,0.36179754,0.35948393,0.34760687,0.3559334,0.36004946,0.36136886,0.36212417,0.36212417,0.36320135,0.36377928,0.36349317,0.36407062,0.36377928,0.3629143,0.36204836,0.36204836,0.36204836,0.3623378,0.3629143,0.36349317,0.36377928,0.36377928,0.36407062,0.0,0.0,0.0,0.0,0.0,0.0,0.0,0.0,0.0,0.0,0.0,0.0,0.0,0.0,0.0
X271,0.4083548,0.4083548,0.4048995,0.39889517,0.4024227,0.40031698,0.40030482,0.39710143,0.39710143,0.40347818,0.4031656,0.40332177,0.40300682,0.4031656,0.40363362,0.40410402,0.40410402,0.40410402,0.40394953,0.40363362,0.40332177,0.4031656,0.4031656,0.40300682,0.0,0.0,0.0,0.0,0.0,0.0,0.0,0.0,0.0,0.0,0.0,0.0,0.0,0.0,0.0
X275,0.5233938,0.5233938,0.5204751,0.51478595,0.5177066,0.5333697,0.5269491,0.5247919,0.5247919,0.5263602,0.5251433,0.52575034,0.52453107,0.5251433,0.52697057,0.52879876,0.52879876,0.52879876,0.5281903,0.52697057,0.52575034,0.5251433,0.5251433,0.52453107,0.0,0.0,0.0,0.0,0.0,0.0,0.0,0.0,0.0,0.0,0.0,0.0,0.0,0.0,0.0
X276,0.18069652,0.18069652,0.18121341,0.18169549,0.18117431,0.1687055,0.15890697,0.16349605,0.16349605,0.15860465,0.15841153,0.15850785,0.15831617,0.15841153,0.15869954,0.15898994,0.15898994,0.15898994,0.15888837,0.15869954,0.15850785,0.15841153,0.15841153,0.15831617,0.0,0.0,0.0,0.0,0.0,0.0,0.0,0.0,0.0,0.0,0.0,0.0,0.0,0.0,0.0
X282,0.3130112,0.3130112,0.3158914,0.3191057,0.3158254,0.30619776,0.2957578,0.2962006,0.2962006,0.30219796,0.30226335,0.30223075,0.30229586,0.30226335,0.3021653,0.30206752,0.30206752,0.30206752,0.30210018,0.3021653,0.30223075,0.30226335,0.30226335,0.30229586,0.0,0.0,0.0,0.0,0.0,0.0,0.0,0.0,0.0,0.0,0.0,0.0,0.0,0.0,0.0
X283,0.35219884,0.35219884,0.3520515,0.34596753,0.3500936,0.3545611,0.34151244,0.34610868,0.34610868,0.3282392,0.32892442,0.32843518,0.32952142,0.32892442,0.3280375,0.33154798,0.33154798,0.33154798,0.33026624,0.3280375,0.32843518,0.32892442,0.32892442,0.32952142,0.0,0.0,0.0,0.0,0.0,0.0,0.0,0.0,0.0,0.0,0.0,0.0,0.0,0.0,0.0
X286,0.3967077,0.3967077,0.39647275,0.39583606,0.39607203,0.37733847,0.38347328,0.37906563,0.37906563,0.37712687,0.37619662,0.37666106,0.37573057,0.37619662,0.3775915,0.3789857,0.3789857,0.3789857,0.37852103,0.3775915,0.37666106,0.37619662,0.37619662,0.37573057,0.0,0.0,0.0,0.0,0.0,0.0,0.0,0.0,0.0,0.0,0.0,0.0,0.0,0.0,0.0
X289,0.4056413,0.4056413,0.4100123,0.4121018,0.40988702,0.3814557,0.372593,0.3722972,0.3722972,0.39058253,0.39215013,0.39136505,0.3929298,0.39215013,0.3897998,0.3874517,0.3874517,0.3874517,0.3882341,0.3897998,0.39136505,0.39215013,0.39215013,0.3929298,0.0,0.0,0.0,0.0,0.0,0.0,0.0,0.0,0.0,0.0,0.0,0.0,0.0,0.0,0.0
X296,-0.13145505,-0.13145505,-0.12967704,-0.1307746,-0.12846993,-0.16847669,-0.17596458,-0.16079317,-0.16079317,-0.16992603,-0.17100309,-0.1704589,-0.17154156,-0.17100309,-0.17086004,-0.17603324,-0.17603324,-0.17603324,-0.17430995,-0.17086004,-0.1704589,-0.17100309,-0.17100309,-0.17154156,0.0,0.0,0.0,0.0,0.0,0.0,0.0,0.0,0.0,0.0,0.0,0.0,0.0,0.0,0.0
X297,0.12706359,0.12706359,0.12870152,0.13126402,0.12962626,0.119745836,0.1184258,0.12014569,0.12014569,0.11424188,0.11390929,0.114075944,0.11374305,0.11390929,0.11440818,0.11490719,0.11490719,0.11490719,0.11474107,0.11440818,0.114075944,0.11390929,0.11390929,0.11374305,0.0,0.0,0.0,0.0,0.0,0.0,0.0,0.0,0.0,0.0,0.0,0.0,0.0,0.0,0.0
X299,0.30709246,0.30709246,0.3064448,0.30396178,0.3046092,0.31221595,0.30810633,0.30438247,0.30438247,0.30864742,0.30742326,0.30803493,0.3068165,0.30742326,0.30925992,0.31109598,0.31109598,0.31109598,0.310483,0.30925992,0.30803493,0.30742326,0.30742326,0.3068165,0.0,0.0,0.0,0.0,0.0,0.0,0.0,0.0,0.0,0.0,0.0,0.0,0.0,0.0,0.0
X300,0.2735583,0.2735583,0.27832368,0.28553298,0.2807653,0.24137878,0.24031219,0.24147,0.24147,0.23966552,0.23991728,0.2397893,0.24004439,0.23991728,0.23953459,0.23915239,0.23915239,0.23915239,0.2392813,0.23953459,0.2397893,0.23991728,0.23991728,0.24004439,0.0,0.0,0.0,0.0,0.0,0.0,0.0,0.0,0.0,0.0,0.0,0.0,0.0,0.0,0.0
X302,0.14602244,0.14602244,0.14567125,0.142717,0.14522517,0.14834154,0.14841521,0.14741886,0.14741886,0.14954174,0.14948475,0.14951503,0.14945638,0.14948475,0.14957225,0.1496557,0.1496557,0.1496557,0.14962804,0.14957225,0.14951503,0.14948475,0.14948475,0.14945638,0.0,0.0,0.0,0.0,0.0,0.0,0.0,0.0,0.0,0.0,0.0,0.0,0.0,0.0,0.0
X303,0.5971241,0.5971241,0.60400224,0.61186385,0.60498214,0.5694475,0.57237566,0.56186676,0.56186676,0.5859351,0.5858052,0.5858718,0.5857415,0.5858052,0.585999,0.5861913,0.5861913,0.5861913,0.58612907,0.585999,0.5858718,0.5858052,0.5858052,0.5857415,0.0,0.0,0.0,0.0,0.0,0.0,0.0,0.0,0.0,0.0,0.0,0.0,0.0,0.0,0.0
X305,0.5872234,0.5872234,0.584473,0.5788053,0.58155143,0.6086577,0.60820425,0.6036533,0.6036533,0.6011981,0.5988959,0.6000465,0.59774053,0.5988959,0.602352,0.6058091,0.6058091,0.6058091,0.6046585,0.602352,0.6000465,0.5988959,0.5988959,0.59774053,0.0,0.0,0.0,0.0,0.0,0.0,0.0,0.0,0.0,0.0,0.0,0.0,0.0,0.0,0.0
X308,0.38835484,0.38835484,0.38666493,0.38391858,0.38560778,0.35581094,0.35856014,0.35666305,0.35666305,0.36273843,0.3632112,0.36297256,0.36344653,0.3632112,0.3625036,0.36179835,0.36179835,0.36179835,0.3620351,0.3625036,0.36297256,0.3632112,0.3632112,0.36344653,0.0,0.0,0.0,0.0,0.0,0.0,0.0,0.0,0.0,0.0,0.0,0.0,0.0,0.0,0.0
X312,0.048974983,0.048974983,0.051870756,0.05725961,0.05436366,0.034235172,0.035807006,0.0398029,0.0398029,0.03273844,0.033384852,0.033064894,0.033708684,0.033384852,0.032416157,0.031449847,0.031449847,0.031449847,0.031771533,0.032416157,0.033064894,0.033384852,0.033384852,0.033708684,0.0,0.0,0.0,0.0,0.0,0.0,0.0,0.0,0.0,0.0,0.0,0.0,0.0,0.0,0.0
X313,0.29392713,0.29392713,0.29587495,0.29823542,0.29671776,0.28084448,0.27447644,0.27866364,0.27866364,0.26502767,0.26392272,0.2644755,0.26337025,0.26392272,0.26558113,0.26723832,0.26723832,0.26723832,0.2666853,0.26558113,0.2644755,0.26392272,0.26392272,0.26337025,0.0,0.0,0.0,0.0,0.0,0.0,0.0,0.0,0.0,0.0,0.0,0.0,0.0,0.0,0.0
X314,0.1858154,0.1858154,0.1884709,0.19224101,0.18958408,0.19253975,0.19718438,0.19335419,0.19335419,0.20491368,0.20566183,0.20528704,0.20603615,0.20566183,0.2045384,0.2034164,0.2034164,0.2034164,0.20379072,0.2045384,0.20528704,0.20566183,0.20566183,0.20603615,0.0,0.0,0.0,0.0,0.0,0.0,0.0,0.0,0.0,0.0,0.0,0.0,0.0,0.0,0.0
X315,0.40532094,0.40532094,0.40860492,0.41115505,0.40787297,0.39669758,0.3950103,0.38708025,0.38708025,0.40221387,0.4012521,0.4017337,0.40077096,0.4012521,0.40269548,0.4041384,0.4041384,0.4041384,0.4036563,0.40269548,0.4017337,0.4012521,0.4012521,0.40077096,0.0,0.0,0.0,0.0,0.0,0.0,0.0,0.0,0.0,0.0,0.0,0.0,0.0,0.0,0.0
X320,0.22105466,0.22105466,0.22227262,0.22362886,0.22222093,0.21336322,0.20677882,0.20834284,0.20834284,0.20013775,0.1988855,0.19951153,0.19825909,0.1988855,0.200764,0.20267217,0.20267217,0.20267217,0.2020164,0.200764,0.19951153,0.1988855,0.1988855,0.19825909,0.0,0.0,0.0,0.0,0.0,0.0,0.0,0.0,0.0,0.0,0.0,0.0,0.0,0.0,0.0
X323,0.264966,0.264966,0.27509415,0.2893958,0.2792648,0.24289536,0.23615706,0.23796725,0.23796725,0.23026657,0.22922516,0.22974563,0.22870493,0.22922516,0.23078728,0.2323494,0.2323494,0.2323494,0.23182821,0.23078728,0.22974563,0.22922516,0.22922516,0.22870493,0.0,0.0,0.0,0.0,0.0,0.0,0.0,0.0,0.0,0.0,0.0,0.0,0.0,0.0,0.0
X326,0.18383472,0.18383472,0.18493669,0.18561904,0.1845228,0.171477,0.1554567,0.162378,0.162378,0.14802282,0.1474468,0.1477329,0.14715688,0.1474468,0.14831369,0.14917962,0.14917962,0.14917962,0.1488897,0.14831369,0.1477329,0.1474468,0.1474468,0.14715688,0.0,0.0,0.0,0.0,0.0,0.0,0.0,0.0,0.0,0.0,0.0,0.0,0.0,0.0,0.0
X329,0.16341873,0.16341873,0.16227813,0.16061063,0.1617498,0.16496368,0.15669055,0.16200013,0.16200013,0.15961786,0.16028447,0.15995164,0.16058917,0.16028447,0.15928693,0.15829082,0.15829082,0.15829082,0.15862365,0.15928693,0.15995164,0.16028447,0.16028447,0.16058917,0.0,0.0,0.0,0.0,0.0,0.0,0.0,0.0,0.0,0.0,0.0,0.0,0.0,0.0,0.0
X330,0.2958551,0.2958551,0.29638913,0.29520938,0.2955833,0.2744534,0.270908,0.27133462,0.27133462,0.26768953,0.26693442,0.26731282,0.26655638,0.26693442,0.2680688,0.269203,0.269203,0.269203,0.26882517,0.2680688,0.26731282,0.26693442,0.26693442,0.26655638,0.0,0.0,0.0,0.0,0.0,0.0,0.0,0.0,0.0,0.0,0.0,0.0,0.0,0.0,0.0
X331,0.32704282,0.32704282,0.3289839,0.32906342,0.32887077,0.314246,0.30602413,0.30948848,0.30948848,0.29967052,0.29976833,0.29972017,0.29981756,0.29976833,0.2996226,0.2994759,0.2994759,0.2994759,0.29952556,0.2996226,0.29972017,0.29976833,0.29976833,0.29981756,0.0,0.0,0.0,0.0,0.0,0.0,0.0,0.0,0.0,0.0,0.0,0.0,0.0,0.0,0.0
X333,0.24977568,0.24977568,0.24561179,0.23810607,0.24227047,0.2696646,0.24936384,0.25633734,0.25633734,0.23912796,0.23927486,0.23920193,0.23934665,0.23927486,0.23905474,0.23883557,0.23883557,0.23883557,0.23891029,0.23905474,0.23920193,0.23927486,0.23927486,0.23934665,0.0,0.0,0.0,0.0,0.0,0.0,0.0,0.0,0.0,0.0,0.0,0.0,0.0,0.0,0.0
X337,0.24355842,0.24355842,0.24771453,0.251534,0.24919249,0.20570423,0.19057895,0.20302631,0.20302631,0.16653205,0.16500856,0.16577055,0.16424753,0.16500856,0.16729547,0.17032243,0.17032243,0.17032243,0.16910268,0.16729547,0.16577055,0.16500856,0.16500856,0.16424753,0.0,0.0,0.0,0.0,0.0,0.0,0.0,0.0,0.0,0.0,0.0,0.0,0.0,0.0,0.0
X341,0.1885076,0.1885076,0.18774231,0.18647216,0.18723838,0.19374116,0.19516574,0.1936567,0.1936567,0.1853445,0.18371788,0.18453185,0.18290432,0.18371788,0.18615803,0.18848427,0.18848427,0.18848427,0.18778484,0.18615803,0.18453185,0.18371788,0.18371788,0.18290432,0.0,0.0,0.0,0.0,0.0,0.0,0.0,0.0,0.0,0.0,0.0,0.0,0.0,0.0,0.0
X347,0.22342016,0.22342016,0.22638251,0.23065646,0.22769459,0.21355917,0.21200575,0.21306302,0.21306302,0.21059527,0.21061482,0.21060409,0.2106259,0.21061482,0.21058287,0.21055175,0.21055175,0.21055175,0.21056177,0.21058287,0.21060409,0.21061482,0.21061482,0.2106259,0.0,0.0,0.0,0.0,0.0,0.0,0.0,0.0,0.0,0.0,0.0,0.0,0.0,0.0,0.0
X349,0.38883963,0.38883963,0.389249,0.3896226,0.3892137,0.38619843,0.3840131,0.3845736,0.3845736,0.38170972,0.38126698,0.3814887,0.38104478,0.38126698,0.38193265,0.38259855,0.38259855,0.38259855,0.3823773,0.38193265,0.3814887,0.38126698,0.38126698,0.38104478,0.0,0.0,0.0,0.0,0.0,0.0,0.0,0.0,0.0,0.0,0.0,0.0,0.0,0.0,0.0
X350,0.2639467,0.2639467,0.26428336,0.26507944,0.2647454,0.24756904,0.24079557,0.24629326,0.24629326,0.23967285,0.23991008,0.2397904,0.24002953,0.23991008,0.23955293,0.23920007,0.23920007,0.23920007,0.23931833,0.23955293,0.2397904,0.23991008,0.23991008,0.24002953,0.0,0.0,0.0,0.0,0.0,0.0,0.0,0.0,0.0,0.0,0.0,0.0,0.0,0.0,0.0
X352,0.20457694,0.20457694,0.2042701,0.20355627,0.20386145,0.20677492,0.20770189,0.20561478,0.20561478,0.21013853,0.20379063,0.20696661,0.20061824,0.20379063,0.21331093,0.21616289,0.21616289,0.21616289,0.2166898,0.21331093,0.20696661,0.20379063,0.20379063,0.20061824,0.0,0.0,0.0,0.0,0.0,0.0,0.0,0.0,0.0,0.0,0.0,0.0,0.0,0.0,0.0
X353,0.25265652,0.25265652,0.25299132,0.25336796,0.25303298,0.2504626,0.24895656,0.24952036,0.24952036,0.24717873,0.24688679,0.24703342,0.24673969,0.24688679,0.24732536,0.24776405,0.24776405,0.24776405,0.24761826,0.24732536,0.24703342,0.24688679,0.24688679,0.24673969,0.0,0.0,0.0,0.0,0.0,0.0,0.0,0.0,0.0,0.0,0.0,0.0,0.0,0.0,0.0
X354,0.21971323,0.21971323,0.22062697,0.22118522,0.22027172,0.21394946,0.20795693,0.20879568,0.20879568,0.20087565,0.2009001,0.20088746,0.20091249,0.2009001,0.20086409,0.20102324,0.20102324,0.20102324,0.20083882,0.20086409,0.20088746,0.2009001,0.2009001,0.20091249,0.0,0.0,0.0,0.0,0.0,0.0,0.0,0.0,0.0,0.0,0.0,0.0,0.0,0.0,0.0
X357,0.26945814,0.26945814,0.27114567,0.28862032,0.27273902,0.26443037,0.27533087,0.2711793,0.2711793,0.2846187,0.28510317,0.28502235,0.2851902,0.28510317,0.28382048,0.28142032,0.28142032,0.28142032,0.2822195,0.28382048,0.28502235,0.28510317,0.28510317,0.2851902,0.0,0.0,0.0,0.0,0.0,0.0,0.0,0.0,0.0,0.0,0.0,0.0,0.0,0.0,0.0
X358,0.25225976,0.25225976,0.24047805,0.22417738,0.23446895,0.23355295,0.22203924,0.2278619,0.2278619,0.20776702,0.20880748,0.20828582,0.2093301,0.20880748,0.20788337,0.21107532,0.21107532,0.21107532,0.21001102,0.20788337,0.20828582,0.20880748,0.20880748,0.2093301,0.0,0.0,0.0,0.0,0.0,0.0,0.0,0.0,0.0,0.0,0.0,0.0,0.0,0.0,0.0
X363,0.314257,0.314257,0.3167759,0.319728,0.31720576,0.28633985,0.27442417,0.27974567,0.27974567,0.2594417,0.25718412,0.25831136,0.2560571,0.25718412,0.2605656,0.26394853,0.26394853,0.26394853,0.262822,0.2605656,0.25831136,0.25718412,0.25718412,0.2560571,0.0,0.0,0.0,0.0,0.0,0.0,0.0,0.0,0.0,0.0,0.0,0.0,0.0,0.0,0.0
X364,0.23727539,0.23727539,0.24132076,0.2400966,0.24045578,0.20735398,0.19481805,0.20046309,0.20046309,0.17965904,0.17747858,0.17856911,0.17638877,0.17747858,0.18074992,0.18402031,0.18402031,0.18402031,0.18293014,0.18074992,0.17856911,0.17747858,0.17747858,0.17638877,0.0,0.0,0.0,0.0,0.0,0.0,0.0,0.0,0.0,0.0,0.0,0.0,0.0,0.0,0.0
X367,0.18346256,0.18346256,0.18319029,0.18246311,0.1827349,0.18545932,0.18498534,0.1838941,0.1838941,0.18261617,0.18172854,0.18217224,0.18128389,0.18172854,0.18306035,0.18439478,0.18439478,0.18439478,0.18394965,0.18306035,0.18217224,0.18172854,0.18172854,0.18128389,0.0,0.0,0.0,0.0,0.0,0.0,0.0,0.0,0.0,0.0,0.0,0.0,0.0,0.0,0.0
X368,0.22844563,0.22844563,0.22977649,0.23255454,0.23123227,0.18040286,0.15881358,0.17738925,0.17738925,0.14265405,0.1449462,0.14379846,0.14609157,0.1449462,0.14151393,0.13808452,0.13808452,0.13808452,0.13922463,0.14151393,0.14379846,0.1449462,0.1449462,0.14609157,0.0,0.0,0.0,0.0,0.0,0.0,0.0,0.0,0.0,0.0,0.0,0.0,0.0,0.0,0.0
X371,0.35672864,0.35672864,0.35581502,0.3542156,0.35512933,0.35771224,0.35623035,0.35612664,0.35612664,0.3551893,0.35485217,0.3550206,0.3546842,0.35485217,0.35535786,0.35586354,0.35586354,0.35586354,0.3556951,0.35535786,0.3550206,0.35485217,0.35485217,0.3546842,0.0,0.0,0.0,0.0,0.0,0.0,0.0,0.0,0.0,0.0,0.0,0.0,0.0,0.0,0.0
X376,0.32577282,0.32577282,0.33008677,0.33718163,0.33174044,0.3199163,0.31338102,0.3140908,0.3140908,0.3152638,0.31505662,0.3151601,0.31495553,0.31505662,0.31536847,0.3156765,0.3156765,0.3156765,0.31557518,0.31536847,0.3151601,0.31505662,0.31505662,0.31495553,0.0,0.0,0.0,0.0,0.0,0.0,0.0,0.0,0.0,0.0,0.0,0.0,0.0,0.0,0.0
X377,0.14533669,0.14533669,0.14747812,0.1461279,0.14664184,0.122238435,0.12008664,0.11703285,0.11703285,0.12519369,0.12549256,0.12534523,0.12564068,0.12549256,0.12504601,0.12460157,0.12460157,0.12460157,0.12474936,0.12504601,0.12534523,0.12549256,0.12549256,0.12564068,0.0,0.0,0.0,0.0,0.0,0.0,0.0,0.0,0.0,0.0,0.0,0.0,0.0,0.0,0.0
X378,0.09991744,0.09991744,0.102279335,0.10721591,0.104852825,0.08344093,0.08203784,0.08938208,0.08938208,0.07306042,0.073290616,0.073174745,0.07340768,0.073290616,0.0729436,0.07259181,0.07259181,0.07259181,0.072710305,0.0729436,0.073174745,0.073290616,0.073290616,0.07340768,0.0,0.0,0.0,0.0,0.0,0.0,0.0,0.0,0.0,0.0,0.0,0.0,0.0,0.0,0.0
X379,0.45710886,0.45710886,0.46240485,0.44220746,0.45459068,0.39516675,0.36477268,0.37618196,0.37618196,0.33819997,0.33388364,0.33604038,0.3317269,0.33388364,0.34035861,0.34683692,0.34683692,0.34683692,0.34467494,0.34035861,0.33604038,0.33388364,0.33388364,0.3317269,0.0,0.0,0.0,0.0,0.0,0.0,0.0,0.0,0.0,0.0,0.0,0.0,0.0,0.0,0.0
X383,0.3075481,0.3075481,0.3064311,0.3043378,0.30545574,0.31530434,0.3183096,0.31385976,0.31385976,0.33156806,0.33277398,0.33216864,0.33337647,0.33277398,0.33096606,0.3291579,0.3291579,0.3291579,0.32975966,0.33096606,0.33216864,0.33277398,0.33277398,0.33337647,0.0,0.0,0.0,0.0,0.0,0.0,0.0,0.0,0.0,0.0,0.0,0.0,0.0,0.0,0.0
X386,0.62297606,0.62297606,0.6186019,0.6094513,0.6138257,0.6538091,0.65658593,0.64285815,0.64285815,0.65875065,0.655182,0.6569661,0.6533971,0.655182,0.660535,0.66823316,0.66823316,0.66823316,0.6655289,0.660535,0.6569661,0.655182,0.655182,0.6533971,0.0,0.0,0.0,0.0,0.0,0.0,0.0,0.0,0.0,0.0,0.0,0.0,0.0,0.0,0.0
X389,0.24088013,0.24088013,0.24226683,0.24403971,0.24265331,0.22596651,0.21649206,0.22197244,0.22197244,0.20323688,0.20153734,0.20238715,0.20068774,0.20153734,0.20408675,0.20663562,0.20663562,0.20663562,0.20578602,0.20408675,0.20238715,0.20153734,0.20153734,0.20068774,0.0,0.0,0.0,0.0,0.0,0.0,0.0,0.0,0.0,0.0,0.0,0.0,0.0,0.0,0.0
X393,0.36056548,0.36056548,0.36316544,0.36671692,0.36353642,0.34346277,0.3319319,0.33639175,0.33639175,0.32354265,0.32398492,0.32376367,0.32420784,0.32398492,0.3233207,0.32271367,0.32271367,0.32271367,0.32287675,0.3233207,0.32376367,0.32398492,0.32398492,0.32420784,0.0,0.0,0.0,0.0,0.0,0.0,0.0,0.0,0.0,0.0,0.0,0.0,0.0,0.0,0.0
X396,0.09452258,0.09452258,0.096516,0.10006128,0.098064765,0.083820805,0.08478902,0.08694647,0.08694647,0.08321999,0.08359335,0.083409056,0.08378409,0.08359335,0.083033785,0.082468495,0.082468495,0.082468495,0.08265875,0.083033785,0.083409056,0.08359335,0.08359335,0.08378409,0.0,0.0,0.0,0.0,0.0,0.0,0.0,0.0,0.0,0.0,0.0,0.0,0.0,0.0,0.0
X397,0.50506085,0.50506085,0.49838796,0.48720542,0.49368516,0.50162905,0.48403683,0.48921362,0.48921362,0.46479502,0.4612688,0.46303287,0.4595057,0.4612688,0.46655574,0.47184625,0.47184625,0.47184625,0.47008434,0.46655574,0.46303287,0.4612688,0.4612688,0.4595057,0.0,0.0,0.0,0.0,0.0,0.0,0.0,0.0,0.0,0.0,0.0,0.0,0.0,0.0,0.0
X398,0.11658088,0.11658088,0.11688069,0.11748568,0.11718706,0.09885911,0.08954982,0.09669904,0.09669904,0.0746303,0.0730894,0.07385937,0.07232002,0.0730894,0.07539872,0.0777084,0.0777084,0.0777084,0.07693807,0.07539872,0.07385937,0.0730894,0.0730894,0.07232002,0.0,0.0,0.0,0.0,0.0,0.0,0.0,0.0,0.0,0.0,0.0,0.0,0.0,0.0,0.0
X399,0.1054223,0.1054223,0.106214985,0.107663795,0.106870934,0.0904486,0.08371781,0.08963542,0.08963542,0.08132814,0.08146523,0.081396446,0.08153461,0.08146523,0.08125983,0.08105187,0.08105187,0.08105187,0.08112101,0.08125983,0.081396446,0.08146523,0.08146523,0.08153461,0.0,0.0,0.0,0.0,0.0,0.0,0.0,0.0,0.0,0.0,0.0,0.0,0.0,0.0,0.0
X402,0.29534733,0.29534733,0.29981196,0.30573022,0.3012663,0.2576505,0.24446903,0.2485138,0.2485138,0.24149786,0.24085389,0.24117528,0.24053107,0.24085389,0.24181996,0.24278651,0.24278651,0.24278651,0.24246441,0.24181996,0.24117528,0.24085389,0.24085389,0.24053107,0.0,0.0,0.0,0.0,0.0,0.0,0.0,0.0,0.0,0.0,0.0,0.0,0.0,0.0,0.0
X403,0.11554307,0.11554307,0.12143606,0.13028377,0.12439293,0.08121616,0.07078546,0.079530776,0.079530776,0.053283866,0.051611003,0.052447017,0.05077642,0.051611003,0.05411714,0.056620177,0.056620177,0.056620177,0.055787023,0.05411714,0.052447017,0.051611003,0.051611003,0.05077642,0.0,0.0,0.0,0.0,0.0,0.0,0.0,0.0,0.0,0.0,0.0,0.0,0.0,0.0,0.0
X405,0.17104918,0.17104918,0.17176777,0.1731537,0.1724363,0.16604692,0.16512948,0.16720682,0.16720682,0.16217881,0.16212827,0.16215497,0.16212875,0.16212827,0.1622048,0.16228014,0.16228014,0.16228014,0.16225559,0.1622048,0.16215497,0.16212827,0.16212827,0.16212875,0.0,0.0,0.0,0.0,0.0,0.0,0.0,0.0,0.0,0.0,0.0,0.0,0.0,0.0,0.0
X406,0.31557935,0.31557935,0.3168379,0.31822976,0.31697047,0.3082358,0.30248362,0.30454844,0.30454844,0.30197585,0.3035261,0.30275184,0.30430096,0.3035261,0.301201,0.29887596,0.29887596,0.29887596,0.29965127,0.301201,0.30275184,0.3035261,0.3035261,0.30430096,0.0,0.0,0.0,0.0,0.0,0.0,0.0,0.0,0.0,0.0,0.0,0.0,0.0,0.0,0.0
X407,0.44896513,0.44896513,0.45342016,0.45982552,0.45537412,0.38259256,0.37351304,0.38047004,0.38047004,0.36483073,0.36406022,0.36444467,0.36367702,0.36406022,0.36521304,0.36636913,0.36636913,0.36636913,0.36598235,0.36521304,0.36444467,0.36406022,0.36406022,0.36367702,0.0,0.0,0.0,0.0,0.0,0.0,0.0,0.0,0.0,0.0,0.0,0.0,0.0,0.0,0.0
X408,0.34541482,0.34541482,0.34666198,0.34843463,0.3471853,0.3370313,0.33287185,0.33552903,0.33552903,0.32678264,0.32605332,0.32641882,0.3256902,0.32605332,0.32714623,0.3282377,0.3282377,0.3282377,0.3278734,0.32714623,0.32641882,0.32605332,0.32605332,0.3256902,0.0,0.0,0.0,0.0,0.0,0.0,0.0,0.0,0.0,0.0,0.0,0.0,0.0,0.0,0.0
X410,0.21207787,0.21207787,0.2131535,0.21342577,0.21235122,0.20548989,0.19986857,0.19731654,0.19731654,0.20581211,0.20529176,0.205552,0.2050326,0.20529176,0.20607282,0.2067845,0.2067845,0.2067845,0.20659329,0.20607282,0.205552,0.20529176,0.20529176,0.2050326,0.0,0.0,0.0,0.0,0.0,0.0,0.0,0.0,0.0,0.0,0.0,0.0,0.0,0.0,0.0
X412,0.046678934,0.046678934,0.046678934,0.046678934,0.046678934,0.046678934,0.046678934,0.046678934,0.046678934,0.046678934,0.046678934,0.046678934,0.046678934,0.046678934,0.046678934,0.046678934,0.046678934,0.046678934,0.046678934,0.046678934,0.046678934,0.046678934,0.046678934,0.046678934,0.0,0.0,0.0,0.0,0.0,0.0,0.0,0.0,0.0,0.0,0.0,0.0,0.0,0.0,0.0
X414,0.26452336,0.26452336,0.2647148,0.2645373,0.26434505,0.25990388,0.25634006,0.25509638,0.25509638,0.25985363,0.25993186,0.2598905,0.25997192,0.25993186,0.25981286,0.25969434,0.25969434,0.25969434,0.2597343,0.25981286,0.2598905,0.25993186,0.25993186,0.25997192,0.0,0.0,0.0,0.0,0.0,0.0,0.0,0.0,0.0,0.0,0.0,0.0,0.0,0.0,0.0
X419,0.3281625,0.3281625,0.32681113,0.32373935,0.32509118,0.33781177,0.33769494,0.33308822,0.33308822,0.320875,0.31925613,0.32006675,0.31844693,0.31925613,0.3216861,0.32411653,0.32411653,0.32411653,0.323304,0.3216861,0.32006675,0.31925613,0.31925613,0.31844693,0.0,0.0,0.0,0.0,0.0,0.0,0.0,0.0,0.0,0.0,0.0,0.0,0.0,0.0,0.0
X421,0.47394806,0.47394806,0.47660628,0.4793281,0.4766685,0.45662928,0.44350627,0.44767407,0.44767407,0.44120103,0.44071296,0.44095883,0.44133708,0.44071296,0.44144598,0.44217893,0.44217893,0.44217893,0.44193587,0.44144598,0.44095883,0.44071296,0.44071296,0.44133708,0.0,0.0,0.0,0.0,0.0,0.0,0.0,0.0,0.0,0.0,0.0,0.0,0.0,0.0,0.0
X422,0.38005236,0.38005236,0.37935853,0.37735388,0.37804964,0.38521913,0.3834556,0.38045016,0.38045016,0.38531047,0.38469768,0.38500297,0.3843904,0.38469768,0.38561702,0.3865385,0.3865385,0.3865385,0.38623112,0.38561702,0.38500297,0.38469768,0.38469768,0.3843904,0.0,0.0,0.0,0.0,0.0,0.0,0.0,0.0,0.0,0.0,0.0,0.0,0.0,0.0,0.0
X423,0.21879071,0.21879071,0.22188276,0.22517008,0.22338587,0.19793433,0.19078225,0.19536906,0.19536906,0.18257552,0.18176848,0.18217117,0.18136436,0.18176848,0.18297964,0.18419248,0.18419248,0.18419248,0.183788,0.18297964,0.18217117,0.18176848,0.18176848,0.18136436,0.0,0.0,0.0,0.0,0.0,0.0,0.0,0.0,0.0,0.0,0.0,0.0,0.0,0.0,0.0
X426,0.0959586,0.0959586,0.09643263,0.09860129,0.09812946,0.09204132,0.09647293,0.099727936,0.099727936,0.08664555,0.086926706,0.08678622,0.08706898,0.086926706,0.08650399,0.08630193,0.08630193,0.08630193,0.086219795,0.08650399,0.08678622,0.086926706,0.086926706,0.08706898,0.0,0.0,0.0,0.0,0.0,0.0,0.0,0.0,0.0,0.0,0.0,0.0,0.0,0.0,0.0
X427,0.35639757,0.35639757,0.3565033,0.35714006,0.35703242,0.35543954,0.3572449,0.35798138,0.35798138,0.3613792,0.36227882,0.3618279,0.36272538,0.36227882,0.3609308,0.35958272,0.35958272,0.35958272,0.36003375,0.3609308,0.3618279,0.36227882,0.36227882,0.36272538,0.0,0.0,0.0,0.0,0.0,0.0,0.0,0.0,0.0,0.0,0.0,0.0,0.0,0.0,0.0
X431,0.31143123,0.31143123,0.31594872,0.3235432,0.31902707,0.32080036,0.33040607,0.3278851,0.3278851,0.32752508,0.32744312,0.32748413,0.32740003,0.32744312,0.3275699,0.3276931,0.3276931,0.3276931,0.32765138,0.3275699,0.32748413,0.32744312,0.32744312,0.32740003,0.0,0.0,0.0,0.0,0.0,0.0,0.0,0.0,0.0,0.0,0.0,0.0,0.0,0.0,0.0
X435,0.36567715,0.36567715,0.36775163,0.37050417,0.36842957,0.36065271,0.3631598,0.36082748,0.36082748,0.36725572,0.36758116,0.36741927,0.36774293,0.36758116,0.36709252,0.36660603,0.36660603,0.36660603,0.3667685,0.36709252,0.36741927,0.36758116,0.36758116,0.36774293,0.0,0.0,0.0,0.0,0.0,0.0,0.0,0.0,0.0,0.0,0.0,0.0,0.0,0.0,0.0
X443,0.28482643,0.28482643,0.28514448,0.27041927,0.28024188,0.276086,0.26475444,0.26819673,0.26819673,0.2522427,0.24998155,0.2511107,0.24884763,0.24998155,0.25337616,0.25676933,0.25676933,0.25676933,0.25563684,0.25337616,0.2511107,0.24998155,0.24998155,0.24884763,0.0,0.0,0.0,0.0,0.0,0.0,0.0,0.0,0.0,0.0,0.0,0.0,0.0,0.0,0.0
X445,0.6359909,0.6359909,0.62908274,0.616052,0.62295824,0.63724095,0.6233626,0.621347,0.621347,0.6110547,0.6078809,0.60946876,0.6066032,0.6078809,0.6126438,0.6174057,0.6174057,0.6174057,0.6158195,0.6126438,0.60946876,0.6078809,0.6078809,0.6066032,0.0,0.0,0.0,0.0,0.0,0.0,0.0,0.0,0.0,0.0,0.0,0.0,0.0,0.0,0.0
X446,0.2843895,0.2843895,0.28585196,0.28772116,0.28634477,0.27463126,0.26938367,0.27234983,0.27234983,0.26212,0.25796723,0.26079607,0.25750017,0.25796723,0.26259398,0.26401162,0.26401162,0.26401162,0.2635393,0.26259398,0.26079607,0.25796723,0.25796723,0.25750017,0.0,0.0,0.0,0.0,0.0,0.0,0.0,0.0,0.0,0.0,0.0,0.0,0.0,0.0,0.0
X449,0.43695405,0.43695405,0.4398513,0.441577,0.4400299,0.41178873,0.3979166,0.40545705,0.40545705,0.3790286,0.3766146,0.3777676,0.37568,0.3766146,0.38029197,0.38407806,0.38407806,0.38407806,0.3828149,0.38029197,0.3777676,0.3766146,0.3766146,0.37568,0.0,0.0,0.0,0.0,0.0,0.0,0.0,0.0,0.0,0.0,0.0,0.0,0.0,0.0,0.0
X450,0.3730779,0.3730779,0.37535635,0.3783227,0.3760411,0.33059368,0.30618048,0.32115552,0.32115552,0.28212902,0.28297493,0.28255197,0.28339836,0.28297493,0.28302646,0.28592578,0.28592578,0.28592578,0.2849604,0.28302646,0.28255197,0.28297493,0.28297493,0.28339836,0.0,0.0,0.0,0.0,0.0,0.0,0.0,0.0,0.0,0.0,0.0,0.0,0.0,0.0,0.0
X455,0.19993263,0.19993263,0.19993263,0.19993263,0.19993263,0.19993263,0.19993263,0.19993263,0.19993263,0.19993263,0.19993263,0.19993263,0.19993263,0.19993263,0.19993263,0.19993263,0.19993263,0.19993263,0.19993263,0.19993263,0.19993263,0.19993263,0.19993263,0.19993263,0.0,0.0,0.0,0.0,0.0,0.0,0.0,0.0,0.0,0.0,0.0,0.0,0.0,0.0,0.0
X457,0.20092487,0.20092487,0.20570707,0.2128942,0.20811307,0.17740417,0.17151177,0.17681956,0.17681956,0.14655519,0.14696515,0.14676154,0.14717019,0.14696515,0.14635134,0.15079463,0.15079463,0.15079463,0.14850354,0.14635134,0.14676154,0.14696515,0.14696515,0.14717019,0.0,0.0,0.0,0.0,0.0,0.0,0.0,0.0,0.0,0.0,0.0,0.0,0.0,0.0,0.0
X459,0.2563739,0.2563739,0.2552468,0.25304943,0.25417754,0.2642379,0.2656,0.26230392,0.26230392,0.27019396,0.27025342,0.27022478,0.27028337,0.27025342,0.2701668,0.27008054,0.27008054,0.27008054,0.2701093,0.2701668,0.27022478,0.27025342,0.27025342,0.27028337,0.0,0.0,0.0,0.0,0.0,0.0,0.0,0.0,0.0,0.0,0.0,0.0,0.0,0.0,0.0
X460,0.10222223,0.10222223,0.10502889,0.10925271,0.106447004,0.083271764,0.074910425,0.08124711,0.08124711,0.061602376,0.060212873,0.060907625,0.05951812,0.060212873,0.062296174,0.06437852,0.06437852,0.06437852,0.063684724,0.062296174,0.060907625,0.060212873,0.060212873,0.05951812,0.0,0.0,0.0,0.0,0.0,0.0,0.0,0.0,0.0,0.0,0.0,0.0,0.0,0.0,0.0
X462,0.32081228,0.32081228,0.32017237,0.31803018,0.31866938,0.32572442,0.3204196,0.31926924,0.31926924,0.32199413,0.32149845,0.32174546,0.32125193,0.32149845,0.32223946,0.32298046,0.32298046,0.32298046,0.3227337,0.32223946,0.32174546,0.32149845,0.32149845,0.32125193,0.0,0.0,0.0,0.0,0.0,0.0,0.0,0.0,0.0,0.0,0.0,0.0,0.0,0.0,0.0
X468,0.22659099,0.22659099,0.2299056,0.2345033,0.23118868,0.20344135,0.20378092,0.20238262,0.20238262,0.20619392,0.20635107,0.20627269,0.20642942,0.20635107,0.20611578,0.20588106,0.20588106,0.20588106,0.2059595,0.20611578,0.20627269,0.20635107,0.20635107,0.20642942,0.0,0.0,0.0,0.0,0.0,0.0,0.0,0.0,0.0,0.0,0.0,0.0,0.0,0.0,0.0
X470,0.23632237,0.23632237,0.23950478,0.24501798,0.24183795,0.21285293,0.19555208,0.21284387,0.21284387,0.16652629,0.16755053,0.16703865,0.16806147,0.16755053,0.16601011,0.16443607,0.16443607,0.16443607,0.16498873,0.16601011,0.16703865,0.16755053,0.16755053,0.16806147,0.0,0.0,0.0,0.0,0.0,0.0,0.0,0.0,0.0,0.0,0.0,0.0,0.0,0.0,0.0
X472,0.26956493,0.26956493,0.27260143,0.2762985,0.273262,0.2511776,0.23988691,0.24457803,0.24457803,0.22606646,0.22390507,0.2249847,0.22282428,0.22390507,0.22714677,0.23038992,0.23038992,0.23038992,0.22930929,0.22714677,0.2249847,0.22390507,0.22390507,0.22282428,0.0,0.0,0.0,0.0,0.0,0.0,0.0,0.0,0.0,0.0,0.0,0.0,0.0,0.0,0.0
X473,0.23039602,0.23039602,0.22914515,0.22690628,0.22815941,0.23902677,0.24133383,0.23797928,0.23797928,0.24673449,0.24700128,0.24686919,0.24713193,0.24700128,0.24660288,0.2462065,0.2462065,0.2462065,0.246338,0.24660288,0.24686919,0.24700128,0.24700128,0.24713193,0.0,0.0,0.0,0.0,0.0,0.0,0.0,0.0,0.0,0.0,0.0,0.0,0.0,0.0,0.0
X481,0.26962093,0.26962093,0.2683991,0.26587853,0.26683232,0.29298905,0.3044018,0.2918432,0.2918432,0.3267667,0.32837334,0.3275729,0.32917807,0.32837334,0.3259661,0.32355562,0.32355562,0.32355562,0.32435873,0.3259661,0.3275729,0.32837334,0.32837334,0.32917807,0.0,0.0,0.0,0.0,0.0,0.0,0.0,0.0,0.0,0.0,0.0,0.0,0.0,0.0,0.0
